IP,Time,Browser
10.222.131.43,22/Nov/2023:20:45:45,Safari
10.222.131.43,22/Nov/2023:20:45:45,Safari
10.222.131.43,22/Nov/2023:20:45:45,Safari
10.222.131.43,22/Nov/2023:20:45:45,Safari
10.222.131.43,22/Nov/2023:20:47:28,Safari
10.222.131.43,22/Nov/2023:20:47:51,Safari
10.222.131.43,22/Nov/2023:20:47:54,Safari
10.222.131.43,22/Nov/2023:20:47:54,Safari
10.222.131.43,22/Nov/2023:20:48:35,Safari
10.222.131.43,22/Nov/2023:20:49:50,Safari
10.222.131.43,22/Nov/2023:20:52:10,Safari
10.222.131.43,22/Nov/2023:20:52:12,Safari
10.222.131.43,22/Nov/2023:20:52:12,Safari
10.222.131.43,22/Nov/2023:21:22:06,Safari
